대분류,중분류,소분류,세분류(주요품목) ,발전단계,가치사슬
A. 광물,A01. 규산질 원료,A0101. 규사[quartz sand],천연규사 · 인조규사,전통,원료
A. 광물,A01. 규산질 원료,A0102. 규조토,alpha-quartz · cristobalite · tridymite · 비결정질 실리카,전통,원료
A. 광물,A02. 규산 알루미늄 원료,A0201. 실리마나이트족 광물,규선석(sillimanite) · 홍주석(andalusite) · 남정석(kyanite),전통,원료
A. 광물,A02. 규산 알루미늄 원료,A0202. 카올린족 광물,카올리나이트(kalinite) · 나크라이트(nacrite) · 딕카이트(dickite) · 할로이사이트(halloysite · 고령토) ,전통,원료
A. 광물,A02. 규산 알루미늄 원료,A0203. 엽납석,다이아스포어(diaspore)질 납석 · 딕카이트(dickite)질 납석 · 파이로필라이트(pyrophyllite)질 납석 · 규산질 납석 · 세리사이트(sericite)질 납석 · 듀모르테라이트(dumortierite)질 납석,전통,원료
A. 광물,A02. 규산 알루미늄 원료,A0204. 점토,일차점토와 이차점토 · 용도에 따라 가소성점토 · 내화점토 · 벽돌용점토 · 석기점토 · 화장토 · 유약용점토 · 법랑용점토 · 제지용점토 · 벤토나이트로 구분. 광물로는 pyrophyllite · talc · montmorillonite · saponite · beidellite · hectorite · vermiculite · sericite · illite · 백운모 · 금운모,전통,원료
A. 광물,A03. 알루미나 원료,A0301. 강옥,alpha-Al₂O₃ · 루비 · 사파이어,전통,원료
A. 광물,A03. 알루미나 원료,A0302. 보크사이트,베마이트(boehmite) · 다이아스포어(diaspore) · 깁사이트(gibbsite) · 하이드라르길라이트(hydrargillite)의 혼합물,전통,원료
A. 광물,A03. 알루미나 원료,A0303. 다이아스포어,베마이트(boehmite) · 다이아스포어(diaspore),전통,원료
A. 광물,A04. 석회 원료,A0401. 석회석,칼사이트(calcite) · 아라고나이트(aragonite) · 생석회 · 소석회 · 석회석,전통,원료
A. 광물,A04. 석회 원료,A0402. 형석,CaF₂,전통,원료
A. 광물,A04. 석회 원료,A0403. 규회석,규산칼슘 · CaSiO₃ · CaO-SiO₂,전통,원료
A. 광물,A04. 석회 원료,A0404. 석고,투석고(selenite) · 설화석고(alabaster) · 섬유석고(salinspar) · 경석고(anhydrite) · 무수석고(CaSO₄),전통,원료
A. 광물,A04. 석회 원료,A0405. 인산석회,인회석과 골회,전통,원료
A. 광물,A05. 마그네시아 원료,A0501. 마그네사이트,MgCO₃ · 조립결정질 · 괴상,전통,원료
A. 광물,A05. 마그네시아 원료,A0502. 돌로마이트,MgCO₃-CaCO₃,전통,원료
A. 광물,A05. 마그네시아 원료,A0503. 해수마그네시아,브루사이트(brucite) · MgCl₂,전통,원료
A. 광물,A05. 마그네시아 원료,A0504. 마그네슘규산염,감람석(olivines · (Mg ·Fe)₂SiO₄) · 휘석 · 각섬석 · 사문석 (serpenitine · 3MgO-2SiO₂-2H₂O · Mg6Si₄O10(OH)8) · 활석(talc ·3MgO-4SiO₂-H₂O · Mg₃(SiO5)₂(OH)₂),전통,원료
A. 광물,A06. 장석질 원료,A0601. 정장석,칼리장석 · K₂O-Al₂O₃-6SiO₂ 또는 KAlSi₃O8 · 퍼사이트장석(perthite),전통,원료
A. 광물,A06. 장석질 원료,A0602. 미사장석,K₂O-Al₂O₃-6SiO₂,전통,원료
A. 광물,A06. 장석질 원료,A0603. 소다장석,Na₂O-Al₂O₃-6SiO₂ 또는 NaAlSi₃O8,전통,원료
A. 광물,A06. 장석질 원료,A0604. 석회장석,CaO-Al₂O₃-2SiO₂ 또는 CalAl₂Si₂O8,전통,원료
A. 광물,A06. 장석질 원료,A0605. 사장석,화성암 · 변성암,전통,원료
A. 광물,A07. 붕소 원료,A0701. 붕사[borax],Na₂O-2B₂O₃-10H₂O · Na₂B₄O7-10H₂O · 결정붕사 · 탈수붕사 · 유리붕사,전통,원료
A. 광물,A07. 붕소 원료,A0702. 붕산[boric acid],H₃BO₃,전통,원료
A. 광물,A08. 바륨 원료,A0801. 중정석,BaSO₄,전통,원료
A. 광물,A08. 바륨 원료,A0802. 독중석,BaCO₃,전통,원료
A. 광물,A09. 아연 원료,A0901. 아연 원료,sphalerite(ZnS) · smithsonite(ZnCO₃) · calamine(2ZnO-SiO₂-H₂O) · willemite(2ZnO-SiO₂) · franklinite(FwO-MnO-ZnO- Fe₃O₄-Mn₂O₃) ·zincite(ZnO),전통,원료
A. 광물,A10. 리튬 원료,A1001. 리튬 원료,유휘석(spodumene) · 엽장석(petalite) · 인운모(lepidolite) · 둔각석(amblygonite),전통,원료
A. 광물,A11. 티타니아 원료,A1101. 금홍석[rutile],금홍석 · 예추석(anatase) · 판티탄석(brookite),전통,원료
A. 광물,A11. 티타니아 원료,A1102.티탄철광 [ilmenite ·FeTiO₃],,전통,원료
A. 광물,A12. 지르코늄 원료,A1201. 바델라이트석[baddeleyite],jacupirangite · zirkite · favas,전통,원료
A. 광물,A12. 지르코늄 원료,A1202. 지르콘,사철 · 금홍석 · 모자즈석(monazite) · 석류석 · 지르콘샌드,전통,원료
A. 광물,A13. 인 원료,A1301. 인 원료,인회석(apatite) · 모나즈석(monazite ·(Ce ·La)PO₄) · 세노타임(xenotime ·(Y ·Ce)PO₄) · 둔각석(amblygonite ·FiFAlPO₄) · 인회토(phosphorite) · 인산반토광 · 골회(boneash),전통,원료
A. 광물,A14. 기타 비금속광물,A1401. 기타 비금속광물,토탄 · 운모 · 마그네사이트 · 규산질흙 · 천연흑연 · 하석 · 백류석 · 금강석 · 부석 · 연마용 광석 · 유모혈암 · 혈암 · 동석 · 섬장암 · 석면 · 커런덤(천연) · 다이아몬드 · 감람석 · 납석 · 백운석(돌로마이트) · 보크사이트 · 베릴륨광물 · 붕산염광물 · 사문석 · 산화철 · 석류석 · 석면 · 십자석 · 연옥 · 인회석 · 장석 · 진주암 · 중정석 · 활석 · 헥토라이트,전통,원료
B.분말원료,B01. 수산화물,B0101.수산화 알루미늄[Al(OH)₃] ,흡착제·이온교환체 · 크로마토그래피의 고정제 · 제산제 등,첨단,원료
B.분말원료,B01. 수산화물,B0102.수산화 마그네늄[Mg(OH)₂],천연적으로브루사이트(brucite) · 난연재 · PCB · 전선 ,첨단,원료
B.분말원료,B01. 수산화물,B0103.수산화 칼슘[Ca(OH)₂],공업적 알칼리 유지와 모르타르 · 석고 · 시멘트,첨단,원료
B.분말원료,B01. 수산화물,B0104. 기타 수산화물,셀레나이트 · 제올라이트(항균 · 촉매 · 비료),첨단,원료
B.분말원료,B02. 산화물,B0201. 산화알루미늄[알루미나 · Al₂O₃],gamma-Al₂O₃ · delta-Al₂O₃ · alpha-Al₂O₃ · theta-Al₂O₃,첨단,원료
B.분말원료,B02. 산화물,B0202. 이산화규소[실리카 · SiO₂],alpha-quartz · beta-quartz · alpha-tridymite · beta1-tridymite · beta2-tridymite · alpha-cristobalite · beta-cristobalite · 저압형 silica 유리,첨단,원료
B.분말원료,B02. 산화물,B0203. 이산화지르코늄[지르코니아 · ZrO₂],시계 · 세라믹 칼 · 세라믹 볼 · 치아 · 내화물 · 센서 등을 제조하는 재료,첨단,원료
B.분말원료,B02. 산화물,B0204.산화보론[B₂O₃],도자기용 · 유약용 · 유리용 · 법랑용 등,첨단,원료
B.분말원료,B02. 산화물,B0205.산화인[P₂O5],유리용 · 비료용 · 자기용 등,첨단,원료
B.분말원료,B02. 산화물,B0206. 산화납[PbO],PbO · Pb₃O₄ · beta-PbO₂,첨단,원료
B.분말원료,B02. 산화물,B0207. 산화바륨[BaO],플리트유리및이화학유리용(BaCO₃) ·유전체등의 전자재료,첨단,원료
B.분말원료,B02. 산화물,B0208.산화리튬[Li₂O],리튬 제조,첨단,원료
B.분말원료,B02. 산화물,B0209. 산화아연[ZnO],의약품 · 안료 · 화장품원료 · 바리스터(varistor) ·센서 등의 재료,첨단,원료
B.분말원료,B02. 산화물,B0210.이산화티타늄[티타니아 ·TiO₂] 산화티타늄 포함,anatase · rutile,첨단,원료
B.분말원료,B02. 산화물,B0211.산화철[Fe₂O₃ · Fe₃O₄],자성재료용 · 안료용 · 칼라유리 · 바이오마커,첨단,원료
B.분말원료,B02. 산화물,B0212. 희토류 산화물,산화란탄(lanthanum oxide · La₂O₃) · ,첨단,원료
B.분말원료,B02. 산화물,B0212. 희토류 산화물,산화세륨(cerium oxide · CeO₂ ·Ce₂O₃) ·,,
B.분말원료,B02. 산화물,B0212. 희토류 산화물,산화프라세오디뮴(praseodymium oxide · Pr6O11),,
B.분말원료,B02. 산화물,B0212. 희토류 산화물,산화네오디뮴(neodymium oxide · Nd₂O₃),,
B.분말원료,B02. 산화물,B0212. 희토류 산화물,산화프로메튬(promethium oxide · Pm₂O₃),,
B.분말원료,B02. 산화물,B0212. 희토류 산화물,산화사마륨(samarium oxide · Sm₂O₃),,
B.분말원료,B02. 산화물,B0212. 희토류 산화물,산화유로퓸(europium oxide · Eu₂O₃),,
B.분말원료,B02. 산화물,B0212. 희토류 산화물,산화가돌리늄(gadolinium oxide · Gd₂O₃),,
B.분말원료,B02. 산화물,B0212. 희토류 산화물,산화테르븀(terbium oxide · Tb₄O7),,
B.분말원료,B02. 산화물,B0212. 희토류 산화물,산화디스프로슘(dysprosium oxide · Dy₂O₃),,
B.분말원료,B02. 산화물,B0212. 희토류 산화물,산화홀뮴(holmium oxide · Ho₂O₃),,
B.분말원료,B02. 산화물,B0212. 희토류 산화물,산화에르븀(erbium oxide · Er₂O₃),,
B.분말원료,B02. 산화물,B0212. 희토류 산화물,산화툴륨(thulium oxide · Tm₂O₃),,
B.분말원료,B02. 산화물,B0212. 희토류 산화물,산화이테르븀(ytterbium oxide · Yb₂O₃),,
B.분말원료,B02. 산화물,B0212. 희토류 산화물,산화루테튬(lutetium oxide · Lu₂O₃),,
B.분말원료,B02. 산화물,B0212. 희토류 산화물,산화스칸듐(scandium oxide · Sc₂O₃),,
B.분말원료,B02. 산화물,B0212. 희토류 산화물,산화이트륨(yttrium oxide · Y₂O₃),,
B.분말원료,B03. 복합산화물,B0301. 티탄산바륨[BaTiO₃],세라믹 콘덴서 · 서미스터 · 압전소자 등,첨단,원료
B.분말원료,B03. 복합산화물,B0302.티탄산칼슘[CaTiO₃],서미스터 · 세라믹 콘덴서,첨단,원료
B.분말원료,B03. 복합산화물,B0303.티탄산스트론튬[SrTiO₃],서미스터 · 세라믹 콘덴서,첨단,원료
B.분말원료,B03. 복합산화물,B0304.티탄산마그네슘[MgTiO₃],이온교환막 · 필러,첨단,원료
B.분말원료,B03. 복합산화물,B0305.고온초전도산화물 ,YBa₂Cu₃O6 · BiSrCaCu₃O6 · LaBa₂Cu₃O6 · LaSr₂Cu₃O6,첨단,원료
B.분말원료,B03. 복합산화물,B0306.안정화 지르코늄산화물,alumina toughended zirconia(Al₂O₃-ZrO₂) · calcium oxide doped zirconia(Ca-ZrO₂) · magnesium oxide doped zirconia(Mg-ZrO₂) · cerium oxide doped zirconia(Ce-ZrO₂) · yttria doped zirconia(Y-ZrO₂),첨단,원료
B.분말원료,B03. 복합산화물,B0307. 알루미네이트(aluminate)계 복합 산화물,MgO-Al₂O₃ · ZnO-Al₂O₃ · MnO-Al₂O₃ · NiO-Al₂O₃ · CoO-Al₂O₃ · FeO-Al₂O₃ · 내화물 · 전기기판 및 저손실 절연제,첨단,원료
B.분말원료,B03. 복합산화물,B0308.페라이트(ferrite)계 복합 산화물,MgO-Fe₂O₃ · ZnO-Fe₂O₃ · MnO-Fe₂O₃ · NiO-Fe₂O₃ · CoO-Fe₂O₃ · CuO-Fe₂O₃ · CdO-Fe₂O₃ · FeO-Fe₂O₃ · 인덕터 · 트랜스포머용 자심재료 · 강자성체 · 자기기억장치 · 전화기 · 전기계기 등,첨단,원료
B.분말원료,B03. 복합산화물,B0309. 기타 복합 산화물,LiMnO₂ · LiCoO₂ · LiNiO₂ · LiV6O13 · LiTiS₂ · Li₄Ti5O12 · LiFe(SO₄) · LiFe₂(SO₄)₃,첨단,원료
B.분말원료,B04. 비산화물,B0401.탄화물 ,탄화규소(SiC) · 티타늄카바이드(TiC) · 텅스텐카바이드(WC) · 탄화붕소(B₄C),첨단,원료
B.분말원료,B04. 비산화물,B0402. 질화물,질화알루미늄(AlN) · 질화실리콘(Si₃N₄) · 질화갈륨(GaN) ,첨단,원료
B.분말원료,B04. 비산화물,B0403. 붕화물,질화붕소(BN) · TiB₂ ,첨단,원료
B.분말원료,B04. 비산화물,B0404. 카본소재,카본블랙,첨단,원료
B.분말원료,B04. 비산화물,B0404. 카본소재,합성탄소소재 · 흑연벌크재,첨단,원료
B.분말원료,B04. 비산화물,B0404. 카본소재,(흑연분말 · 흑연벌크재 · C/C복합체 · 카본펠트재(felt) · CNT · 그래핀 · 탄소전극 · 아크방전전극 · 양극활물질 · CNF(카본나노파이버) · 그라파이트(graphite)파이버 · 합성다이아몬드의 분말) ,,
B.분말원료,B04. 비산화물,B0405. 기타 비산화물,Zr계 · S계,첨단,원료
B.분말원료,B05.탄산염및기타염 ,B0501.탄산칼슘[CaCO₃],CaCO₃ · 유리 · 안료 · 도료 · 식품제조 · 고무보강제,첨단,원료
B.분말원료,B05.탄산염및기타염 ,B0502.탄산마그네늄[MgCO₃],내화물 · 유리 · MgO 원료,첨단,원료
B.분말원료,B05.탄산염및기타염 ,B0503.탄산바륨[BaCO₃],유리 · 전자재료 등,첨단,원료
B.분말원료,B05.탄산염및기타염 ,B0504.탄산리튬[Li₂CO₃],밧데리에 사용되는 양극재료,첨단,원료
B.분말원료,B05.탄산염및기타염 ,B0505. 기타 탄산염,K₂CO₃ · Na₂CO₃ ,첨단,원료
B.분말원료,B05.탄산염및기타염 ,B0506. 질산염,산화제 · 화학비료,첨단,원료
B.분말원료,B05.탄산염및기타염 ,B0507. 인산염,비료 · 식품첨가제,첨단,원료
B.분말원료,B05.탄산염및기타염 ,B0508. 황산염,황산알루미늄(Al₂(SO₄)₃) · 황산바륨(BaSO₄) · 황산나트륨(Na₂SO₄) · 황산칼륨(K₂SO₄) · 황산아연(ZnSO₄·7H₂O) · 황산철(Fe₂(SO₄)₃),첨단,원료
B.분말원료,B05.탄산염및기타염 ,B0509. 염화물 ,염화마그네슘(MgCl₂·6H₂O) · 염화알루미늄(AlCl₃·6H₂O) · 염화티탄(TiCl₃ ·TiCl₄) · 염화안티몬(SbCl₃) · 염화주석(SnCl₂ ·SnCl₄·5H₂O) · 염화은(AgCl) · 염화칼슘(CaCl₂·2H₂O) · 염화아연 · 염화망간 · 염화코발트 · 염화니켈 · 염화바륨 · 염화스트론튬,첨단,원료
B.분말원료,B05.탄산염및기타염 ,B0510.브롬화물,,첨단,원료
B.분말원료,B05.탄산염및기타염 ,B0511. 요오드화물,,첨단,원료
B.분말원료,B05.탄산염및기타염 ,B0512. 플루오르화물,빙정석(Na₃AlF6) · NaF · KF · YbF₃(치과재료) · MgF₂(저굴절소재) 등,첨단,원료
B.분말원료,B05.탄산염및기타염 ,B0513. 황화물,ZnS · MoS₂ · Ag₂S · Na₂S · CdS ,첨단,원료
B.분말원료,B06. 기타,B0601. 세라믹 전구체 화합물,GaN원료 · SiO₂원료,첨단,원료
B.분말원료,B06. 기타,B0601. 세라믹 전구체 화합물,(TMGa(tri methyl gallium) · ethyl silicate(tetra ethyl ortho silicate)) · TTIP(titanium tetra isopropoxide) · methyl silicate(tetra methyl ortho silicate)),,
B.분말원료,B0601. 세라믹 전구체 화합물,B0602. 기타,Al-F,첨단,원료
C. 세라믹 1차제품,C01. 세라믹섬유,C0101. 유리섬유,유리장섬유(광섬유 · SiC섬유) · 적외광용 결정형 광섬유(할로겐화은 · 칼코게나이트유리 포함),첨단,1차
C. 세라믹 1차제품,C01. 세라믹섬유,C0101. 유리섬유,유리단섬유,첨단,1차
C. 세라믹 1차제품,C01. 세라믹섬유,C0101. 유리섬유,유리섬유제품(직물제외),첨단,1차
C. 세라믹 1차제품,C01. 세라믹섬유,C0102. 비산화물 섬유,비산화물섬유 · 탄소섬유,첨단,1차
C. 세라믹 1차제품,C01. 세라믹섬유,C0103. 기타섬유,현무암섬유 · 바질나이트 · 휘스커,첨단,1차
C. 세라믹 1차제품,C0201. 기판유리,C0201. 기판유리,표시장치용 유리(LCD · PDP 코팅유리 · 전도성유리(ZnS 등) · flexible glass 등),첨단,1차
C. 세라믹 1차제품,C0201. 기판유리,C0201. 기판유리,터치패널용 강화 유리,첨단,1차
C. 세라믹 1차제품,C0201. 기판유리,C0201. 기판유리,기타 산업용유리(이온전도유리 · 패러데이회전자유리 · 투과성 유리),첨단,1차
C. 세라믹 1차제품,C0201. 기판유리,C0202. 안전유리,차량용 안전유리,첨단,1차
C. 세라믹 1차제품,C0201. 기판유리,C0202. 안전유리,기타 안전유리,첨단,1차
C. 세라믹 1차제품,C0201. 기판유리,C0203. 판유리,창문재 판유리 · 건축용 판유리(외장재 등),전통,1차
C. 세라믹 1차제품,C0201. 기판유리,C0203. 판유리,기타 판유리 가공품,전통,1차
C. 세라믹 1차제품,C0201. 기판유리,C0204. 일반유리(용도를 가진 것),차량용 거울,전통,1차
C. 세라믹 1차제품,C0201. 기판유리,C0204. 일반유리(용도를 가진 것),유리거울(차량용 제외),전통,1차
C. 세라믹 1차제품,C0201. 기판유리,C0204. 일반유리(용도를 가진 것),브라운관용 유리,전통,1차
C. 세라믹 1차제품,C0201. 기판유리,C0204. 일반유리(용도를 가진 것),전등용 유리,전통,1차
C. 세라믹 1차제품,C0201. 기판유리,C0204. 일반유리(용도를 가진 것),가정용 유리제품,전통,1차
C. 세라믹 1차제품,C0201. 기판유리,C0204. 일반유리(용도를 가진 것),유리용기,전통,제품
C. 세라믹 1차제품,C0201. 기판유리,C0204. 일반유리(용도를 가진 것),기타 1차유리,전통,1차
C. 세라믹 1차제품,C0201. 기판유리,C0204. 일반유리(용도를 가진 것),보석용 유리제품,전통,제품
C. 세라믹 1차제품,C0201. 기판유리,C0204. 일반유리(용도를 가진 것),기타 유리제품(보석용 유리제품 제외),전통,1차
C. 세라믹 1차제품,C0201. 기판유리,C0205. 광학용 유리,광학용 유리,첨단,1차
C. 세라믹 1차제품,C0204. 일반유리(용도를 가진 것),C0301. 가정/일반용도자기,토기제품,전통,1차
C. 세라믹 1차제품,C0204. 일반유리(용도를 가진 것),C0301. 가정/일반용도자기,가정용 도자기,전통,제품
C. 세라믹 1차제품,C0204. 일반유리(용도를 가진 것),C0301. 가정/일반용도자기,장식용 도자기,전통,제품
C. 세라믹 1차제품,C0204. 일반유리(용도를 가진 것),C0301. 가정/일반용도자기,세면기,전통,제품
C. 세라믹 1차제품,C0204. 일반유리(용도를 가진 것),C0301. 가정/일반용도자기,변기,전통,제품
C. 세라믹 1차제품,C0204. 일반유리(용도를 가진 것),C0301. 가정/일반용도자기,욕조,전통,제품
C. 세라믹 1차제품,C0204. 일반유리(용도를 가진 것),C0301. 가정/일반용도자기,기타 위생도기제품,전통,제품
C. 세라믹 1차제품,C0204. 일반유리(용도를 가진 것),C0301. 가정/일반용도자기,도자기제조용 분말,전통,제품
C. 세라믹 1차제품,C0204. 일반유리(용도를 가진 것),C0301. 가정/일반용도자기,기타 일반도자기,전통,제품
C. 세라믹 1차제품,C0204. 일반유리(용도를 가진 것),C0302. 전기용 도자기,전기용 도자기 · 초고압애자,첨단,1차
C. 세라믹 1차제품,C0204. 일반유리(용도를 가진 것),C0303. 기타도자기,기타산업용도자기(도자제비이커 ·약절구 ·눈금용기 ·절구대등),첨단,제품
C. 세라믹 1차제품,C04. 생체 소재 및 제품,C0401. 생체용 소재,(AlOH)₃ · Mg(OH)₃ · 조형재 · 결정화유리 · 수산화아파타이트제 · 지르코니아 · 이터비움플플로라이드(YbF₃) 등 소재 ,첨단,1차
C. 세라믹 1차제품,C04. 생체 소재 및 제품,C0402. 생체용 제품,인공치아 · 인공뼈 · 인공관절 등,첨단,부품
C. 세라믹 1차제품,C0501. 정형내화물(내화도가니 제외),C0501. 정형내화물(내화도가니 제외),내화벽돌 및 블록 · 타일,전통,1차
C. 세라믹 1차제품,C0501. 정형내화물(내화도가니 제외),C0501. 정형내화물(내화도가니 제외),기타 정형 내화물(내화제 관 등),전통,1차
C. 세라믹 1차제품,C0501. 정형내화물(내화도가니 제외),C0502. 내화도가니,단결정성장용도가니 ·흑연도가니 ·알루미나도가니 ,첨단,1차
C. 세라믹 1차제품,C0501. 정형내화물(내화도가니 제외),C0503. 비정형내화물,내화시멘트(내화 모르타르 포함),전통,1차
C. 세라믹 1차제품,C0501. 정형내화물(내화도가니 제외),C0503. 비정형내화물,기타내화물,전통,1차
C. 세라믹 1차제품,C0501. 정형내화물(내화도가니 제외),C0504. 단열소재,단열재(알루미늄실리케이트계 단열재 · 뮬라이트계 단열재 · 알루미나계 단열재 · 지르코니아계 단열재 · 카본계 단열재 · 기타 단열재),첨단,1차
C. 세라믹 1차제품,C06. 건축토목용 제품,C0601. 점토질제품,점토벽돌,전통,1차
C. 세라믹 1차제품,C06. 건축토목용 제품,C0601. 점토질제품,점토기와,전통,1차
C. 세라믹 1차제품,C06. 건축토목용 제품,C0601. 점토질제품,점토타일,전통,1차
C. 세라믹 1차제품,C06. 건축토목용 제품,C0601. 점토질제품,점토관(도관 · 수도관 · 하수관 · 토관) · 점토라이너,전통,1차
C. 세라믹 1차제품,C06. 건축토목용 제품,C0602. 시멘트/석회/플라스터,시멘트 크링커,전통,1차
C. 세라믹 1차제품,C06. 건축토목용 제품,C0602. 시멘트/석회/플라스터,보통시멘트,전통,1차
C. 세라믹 1차제품,C06. 건축토목용 제품,C0602. 시멘트/석회/플라스터,백색시멘트,전통,1차
C. 세라믹 1차제품,C06. 건축토목용 제품,C0602. 시멘트/석회/플라스터,기타 포트랜드 시멘트,전통,1차
C. 세라믹 1차제품,C06. 건축토목용 제품,C0602. 시멘트/석회/플라스터,알루미나 시멘트,전통,1차
C. 세라믹 1차제품,C06. 건축토목용 제품,C0602. 시멘트/석회/플라스터,고로 슬래그 시멘트,전통,1차
C. 세라믹 1차제품,C06. 건축토목용 제품,C0602. 시멘트/석회/플라스터,기타 수경성 시멘트,전통,1차
C. 세라믹 1차제품,C06. 건축토목용 제품,C0602. 시멘트/석회/플라스터,생석회,전통,1차
C. 세라믹 1차제품,C06. 건축토목용 제품,C0602. 시멘트/석회/플라스터,소석회,전통,1차
C. 세라믹 1차제품,C06. 건축토목용 제품,C0602. 시멘트/석회/플라스터,기타 석회,전통,1차
C. 세라믹 1차제품,C06. 건축토목용 제품,C0603. 콘크리트/플라스터의 제품,비내화 모르타르,전통,1차
C. 세라믹 1차제품,C06. 건축토목용 제품,C0603. 콘크리트/플라스터의 제품,레미콘,전통,1차
C. 세라믹 1차제품,C06. 건축토목용 제품,C0603. 콘크리트/플라스터의 제품,섬유시멘트 제품,전통,1차
C. 세라믹 1차제품,C06. 건축토목용 제품,C0603. 콘크리트/플라스터의 제품,콘크리트 블록,전통,1차
C. 세라믹 1차제품,C06. 건축토목용 제품,C0603. 콘크리트/플라스터의 제품,콘크리트 벽돌,전통,1차
C. 세라믹 1차제품,C06. 건축토목용 제품,C0603. 콘크리트/플라스터의 제품,콘크리트 타일,전통,1차
C. 세라믹 1차제품,C06. 건축토목용 제품,C0603. 콘크리트/플라스터의 제품,콘크리트 기와,전통,1차
C. 세라믹 1차제품,C06. 건축토목용 제품,C0603. 콘크리트/플라스터의 제품,콘크리트 벽면,전통,1차
C. 세라믹 1차제품,C06. 건축토목용 제품,C0603. 콘크리트/플라스터의 제품,조립식 건축자재(콘크리트재),전통,1차
C. 세라믹 1차제품,C06. 건축토목용 제품,C0603. 콘크리트/플라스터의 제품,콘크리트 파일,전통,1차
C. 세라믹 1차제품,C06. 건축토목용 제품,C0603. 콘크리트/플라스터의 제품,콘크리트 전주,전통,1차
C. 세라믹 1차제품,C06. 건축토목용 제품,C0603. 콘크리트/플라스터의 제품,기타 콘크리트관,전통,1차
C. 세라믹 1차제품,C06. 건축토목용 제품,C0603. 콘크리트/플라스터의 제품,기타 조립구조재,전통,1차
C. 세라믹 1차제품,C06. 건축토목용 제품,C0603. 콘크리트/플라스터의 제품,기타 콘크리트 · 시멘트 · 플라스터 제품,전통,1차
C. 세라믹 1차제품,C06. 건축토목용 제품,C0604. 석제품,건설용 석제품(대리석가공품 · 건축용석제품(인공대리석 · 인공골재) · 판석 · 포석 등 천연석을 가공한 것 · 착색가공석제품 포함),전통,1차
C. 세라믹 1차제품,C06. 건축토목용 제품,C0604. 석제품,기타 석제품,전통,1차
C. 세라믹 1차제품,C06. 건축토목용 제품,C0605. 암면제품,암면제품,전통,1차
C. 세라믹 1차제품,C06. 건축토목용 제품,C0605. 암면제품,브레이크라이닝(자동차 부품과 결합하지 않은 것),전통,1차
C. 세라믹 1차제품,C07. 기타 비금속 광물 제품,C0701. 기타 비금속 광물 분쇄물,활석분,전통,1차
C. 세라믹 1차제품,C07. 기타 비금속 광물 제품,C0701. 기타 비금속 광물 분쇄물,규석분,전통,1차
C. 세라믹 1차제품,C07. 기타 비금속 광물 제품,C0701. 기타 비금속 광물 분쇄물,기타 비금속광물,전통,1차
C. 세라믹 1차제품,C08. 세라믹 코팅제,C0801. 세라믹 코팅제,플라즈마 스프레이용 등,첨단,응용
D. 전기 전자부품,D01. 반도체 · 통신 및 디스플레이 부품,D0101. 전자집적회로 · 다이오드 · 트랜지스터 및 유사 반도체 부분품,탐침카드(프로브카드(probe card)),첨단,부품
D. 전기 전자부품,D01. 반도체 · 통신 및 디스플레이 부품,D0101. 전자집적회로 · 다이오드 · 트랜지스터 및 유사 반도체 부분품,코팅기판(반도체 ·LED ·LD ·PD ·solarcell용) ,첨단,부품
D. 전기 전자부품,D01. 반도체 · 통신 및 디스플레이 부품,D0101. 전자집적회로 · 다이오드 · 트랜지스터 및 유사 반도체 부분품,단결정기판,첨단,부품
D. 전기 전자부품,D01. 반도체 · 통신 및 디스플레이 부품,D0101. 전자집적회로 · 다이오드 · 트랜지스터 및 유사 반도체 부분품,(Si ·갈륨비소(GaAs) ·사파이어(Al2O3)),,
D. 전기 전자부품,D01. 반도체 · 통신 및 디스플레이 부품,D0101. 전자집적회로 · 다이오드 · 트랜지스터 및 유사 반도체 부분품,기타부분품(잉곳(Si · 사파이어 · GaAs),첨단,부품
D. 전기 전자부품,D01. 반도체 · 통신 및 디스플레이 부품,D0101. 전자집적회로 · 다이오드 · 트랜지스터 및 유사 반도체 부분품,반도체용 타겟(ITO · IGO · ZnO 및 기타 세라믹 타겟),첨단,부품
D. 전기 전자부품,D01. 반도체 · 통신 및 디스플레이 부품,D0101. 전자집적회로 · 다이오드 · 트랜지스터 및 유사 반도체 부분품,전력전자용 반도체기판(SiC),첨단,부품
D. 전기 전자부품,D01. 반도체 · 통신 및 디스플레이 부품,D0101. 전자집적회로 · 다이오드 · 트랜지스터 및 유사 반도체 부분품,투명반도체(ZnO · IGGO · IGZO),첨단,부품
D. 전기 전자부품,D01. 반도체 · 통신 및 디스플레이 부품,D0101. 전자집적회로 · 다이오드 · 트랜지스터 및 유사 반도체 부분품,감광성반도체,첨단,부품
D. 전기 전자부품,D01. 반도체 · 통신 및 디스플레이 부품,D0102. 통신용 부품 Module,TCXO · VCO · PLL · PA · 안테나변환 등의 모듈용 · 광디바이스용 · 광모듈 · saw 디바이스,첨단,부품
D. 전기 전자부품,D01. 반도체 · 통신 및 디스플레이 부품,D0102. 통신용 부품 Module,수정진동자 · 수정발진자 · 수정공진필터,첨단,부품
D. 전기 전자부품,D01. 반도체 · 통신 및 디스플레이 부품,D0102. 통신용 부품 Module,수정 이외의 단결정을 사용한 공진자/필터 · 유전체를 이용한 공진자/필터 · 유전체에 L.C. 스트립라인을 형성한 공진자/필터 · saw filter · 유전체를 이용한 IF/RF 안테나,첨단,부품
D. 전기 전자부품,D01. 반도체 · 통신 및 디스플레이 부품,D0103. 기타 반도체 개별소자,열전소자 · 전자광학소자 · CMOS 이미지센서,첨단,부품
D. 전기 전자부품,D01. 반도체 · 통신 및 디스플레이 부품,D0104. 디스플레이용 세라믹 부품,유리일체형 터치센서 · 세라믹 페이스트 · 격벽 · 유전체 · 형광체 · 보호막 · 밀봉재,첨단,부품
D. 전기 전자부품,D02. 회로기판 및 세라믹 패키지,D0201. 회로용 세라믹 기판,알루미나기판 · 질화알루미나기판 · 질화규소기판 · 법랑기판 · HIC 기판 · 저온소결기판(LTCC) · 동회로기판 · 통신용 모듈 기판 · 차탑재용 기판 등,첨단,부품
D. 전기 전자부품,D02. 회로기판 및 세라믹 패키지,D0202. 세라믹 패키지,IC package · saw 패키지 · 광패키지 · HTCC 패키지 · 세라믹(알루미나 · AlN · SiC) 패키지,첨단,부품
D. 전기 전자부품,D02. 회로기판 및 세라믹 패키지,D0203. LED 패키지,유리밀봉재 · 색변환플레이트 · 형광체 · 기판,첨단,부품
D. 전기 전자부품,D02. 회로기판 및 세라믹 패키지,D0204. 방열소재,전자부품용방열판·필러(SiC · 다공질형태),첨단,부품
D. 전기 전자부품,D03. 콘덴서(캐패시터),D0301. 세라믹 유전체의 고정콘덴서,원판형세라믹콘덴서 · 원통형세라믹콘덴서 · 관통형세라믹콘덴서 · 적층세라믹콘덴서(MLCC),첨단,부품
D. 전기 전자부품,D03. 콘덴서(캐패시터),D0302. 탄탈륨 콘덴서,,첨단,부품
D. 전기 전자부품,D03. 콘덴서(캐패시터),D0303. 슈퍼 콘덴서,슈퍼캐패시터(콘덴서) · 전기이중층캐패시터(콘덴서),첨단,부품
D. 전기 전자부품,D03. 콘덴서(캐패시터),D0304. 가변식 콘덴서,가변식 콘덴서,첨단,부품
D. 전기 전자부품,D03. 콘덴서(캐패시터),D0305. 기타 콘덴서,반도체세라믹콘덴서 ·마이카콘덴서 ·전해콘덴서,첨단,부품
D. 전기 전자부품,D04. 저항기,D0401. 고정 저항기,탄소피막형 고정저항기 · 칩형 고정저항기 · 기타 고정저항기 · 전류스위치,첨단,부품
D. 전기 전자부품,D04. 저항기,D0402. 가변 저항시,탄소 가변저항기 · 기타 가변저항기,첨단,부품
D. 전기 전자부품,D04. 저항기,D0403. 서미스터,PTC 서미스터 · NTC 서미스터 · 고온용서미스터,첨단,부품
D. 전기 전자부품,D04. 저항기,D0404. 바리스터,피뢰소자 · 써지소자 · 칩바리스터 · 디스크바리스터,첨단,부품
D. 전기 전자부품,D04. 저항기,D0405. 저항기 부품,,첨단,부품
D. 전기 전자부품,D05. 세라믹센서 및 액츄에이터,D0501. 화학센서,가스센서(산소센서 · NOx · SOx · CO₂/CO · H₂ · 알코올센서) ,첨단,부품
D. 전기 전자부품,D05. 세라믹센서 및 액츄에이터,D0502. 물리센서,초전형 센서 · 모션센서,첨단,부품
D. 전기 전자부품,D05. 세라믹센서 및 액츄에이터,D0502. 물리센서,광파이버센서,첨단,부품
D. 전기 전자부품,D05. 세라믹센서 및 액츄에이터,D0502. 물리센서,산업용 압력(고압)센서 (비반도체형),첨단,부품
D. 전기 전자부품,D05. 세라믹센서 및 액츄에이터,D0502. 물리센서,변위센서 · 가속도센서 · 신틸레이션카운터 · 동적압력분포센서 · GMR · TMR센서 · 습도센서 · 액츄에이터(초음파모터),첨단,부품
D. 전기 전자부품,D05. 세라믹센서 및 액츄에이터,D0503. 기타 센서,생물학적 센서(바이오 센서) · 생화학적 센서,첨단,부품
D. 전기 전자부품,D05. 세라믹센서 및 액츄에이터,D0504. 압전소자,압전부저소자 · 압전착화소자 · STM 구동기구 · 세라믹발진자,첨단,부품
D. 전기 전자부품,D05. 세라믹센서 및 액츄에이터,D0504. 압전소자,초음파발생용 부품 · 초음파진동자(가습기 · 세척기 · 용착기) · 초음파노즐 · 압전진동자 · 압전스피커 · 압전단결정 · 압전컴포지트,첨단,부품
D. 전기 전자부품,D06. 전지용부품,D0601. 이차전지용,2차전지 · 2차전지용 세라믹전극 · NaS전지용 부품 · Li전지 · Li전지용 전극(음극소재 · 양극소재) · Li폴리머 · 공기극전지 · 세라믹전해질,첨단,부품
D. 전기 전자부품,D06. 전지용부품,D0602. 태양전지용,태양전지용 부품(CIGS · CdTe),첨단,부품
D. 전기 전자부품,D06. 전지용부품,D0602. 태양전지용,태양전지용 기판 · 모듈,첨단,부품
D. 전기 전자부품,D06. 전지용부품,D0603. 일차전지용,,첨단,부품
D. 전기 전자부품,D06. 전지용부품,D0604. 연료전지용,연료전지 · 연료전지용 전극(양극 · 음극) 및 세라믹 맴브레인 · SOFC/MCFC(전해질 · 연료극 · 공기극) · 밀봉재,첨단,부품
D. 전기 전자부품,D06. 전지용부품,D0605. 기타,,첨단,부품
D. 전기 전자부품,D07. 자성 부품,D0701. 페라이트자석 및 코아,페라이트 자석(플라스틱 마그네트),첨단,부품
D. 전기 전자부품,D07. 자성 부품,D0701. 페라이트자석 및 코아,페라이트 코아,첨단,1차
D. 전기 전자부품,D07. 자성 부품,D0702. 초전도 부품,초전도부품(YBaCuO계 · BiSrCaCuO계 · LaBaCuO계 · LaSrCuO계 세라믹제품),첨단,부품
D. 전기 전자부품,D07. 자성 부품,D0703. 영구자석 제품,영구자석(자동차모터용 자석 포함),첨단,부품
D. 전기 전자부품,D07. 자성 부품,D0704. 자기기록용 매체,자기테이프 · 자기디스크 · 자기카드,첨단,응용
D. 전기 전자부품,D07. 자성 부품,D0705. 전자유도 코일 및 쵸크,파워라인용 전자석코일 · 쵸크코일 · 전자코일의 부품,첨단,부품
D. 전기 전자부품,D07. 자성 부품,D0706. 페라이트를이용한전자파흡수체,전자파흡수타일,첨단,부품
D. 전기 전자부품,D07. 자성 부품,D0707. 인덕터,인덕터(파워인덕터 · 칩비드 · 칩인덕터 · 인덕터 · 칩코일/복합소자/초크코일필터 등 신호라인용 인덕터 · 파워인덕터 · EMI필터) · 인덕터의 부품(GGG제품),첨단,부품
D. 전기 전자부품,D07. 자성 부품,D0708. 페라이트 시트,무선 충전용 · NFC,첨단,부품
D. 전기 전자부품,D07. 자성 부품,D0709. 기타 자성부품,,첨단,부품
D. 전기 전자부품,D08. 광학,D0801. 광학렌즈 ,산업용 렌즈 · 카메라용 렌즈 · 특수용 렌즈(국방용 렌즈 · 항공우주용 렌즈) · 안경용 렌즈,첨단,부품
D. 전기 전자부품,D08. 광학,D0802. 투명세라믹,방탄유리 · 가로등용 전구 · 투광성 알루미나 · 이트륨 알루미늄가네트(YAG) · 마그네슘 알루미네이트 스피넬,첨단,부품
D. 전기 전자부품,D08. 광학,D0803. 광학요소부품,광학필터,첨단,부품
D. 전기 전자부품,D08. 광학,D0803. 광학요소부품,편광재료용 판,첨단,부품
D. 전기 전자부품,D08. 광학,D0803. 광학요소부품,기타 광학요소 관련품(투명도전막제품 · pellicle(박막) · LED용 형광물질),첨단,부품
D. 전기 전자부품,D08. 광학,D0803. 광학요소부품,기타 광학기기의 부품(굴절 · 간섭용부품 · 포토마스크),첨단,부품
D. 전기 전자부품,D08. 광학,D0803. 광학요소부품,광커넥터 · 세라믹 ferrule ,첨단,부품
D. 전기 전자부품,D08. 광학,D0804. 기타 광학부품,,첨단,부품
D. 전기 전자부품,D09. 기타,D0901. 카본부러쉬,,첨단,부품
D. 전기 전자부품,D09. 기타,D0902. 기타 전기용 탄소제품,전자파차폐용 · 전자관전극 스페이서 · 홀더 · IC용 수지몰드용 필러컴파운드 · 세라믹충전방열 시드 · 어레스터용 세라믹스 등,첨단,부품
D. 전기 전자부품,D09. 기타,D0903. 전극,카본전극 · 세라믹전극(RuO₂ · LaNiO₃ · SrRuO₃ · IrO₂ 등),첨단,부품
E. 기계 및 기타산업용 부품,E01. 수송 기계류부품,E0101. 자동차용 부품,터보차저로터 · 로커암 · 글로우플러그 · 타펫트(tapet) · 밸브 · 피스톤 · 피스톤핀 · 실린더라이너 · 포트라이너 ·,첨단,부품
E. 기계 및 기타산업용 부품,E01. 수송 기계류부품,E0101. 자동차용 부품,가스터빈부재(로터 · 스테터 외) · 스파크플러그 · 브레이크 라이닝(자동차부품과 결합한 제품),,
E. 기계 및 기타산업용 부품,E01. 수송 기계류부품,E0102. 우주 항공용 부품,항공기부재 · 로케트 · 우주선부재 · 고온용형 · 항공기 엔진 노즐용 내열세라믹제품 · 우주선 단열차폐제품 · 우주망원경용 세라믹플레이트 · 우주왕복선의 내열·단열 타일,첨단,부품
E. 기계 및 기타산업용 부품,E01. 수송 기계류부품,E0103. 기타 부품,미사일용 부품(미사일 레이돔(radome) · 미사일용 노즐) · 기차·전철용 브레이크 라이닝 · 기타수송기용 부품,첨단,부품
E. 기계 및 기타산업용 부품,E02. 원자력/발전용 부품,E0201. 원자력용 부품,원자로용 세라믹 부품 · 핵연료(우라늄 산화물) · 핵연료 피복재 · 원자력용 열교환기,첨단,부품
E. 기계 및 기타산업용 부품,E02. 원자력/발전용 부품,E0202.발전용부품(세라믹재에한함),발전용열교환기 및 부품,첨단,부품
E. 기계 및 기타산업용 부품,E02. 원자력/발전용 부품,E0202.발전용부품(세라믹재에한함),터빈 · 발전용 코팅 단열재 · 풍력발전용 베어링류 · 그외 기타 발전용 부품,첨단,부품
E. 기계 및 기타산업용 부품,E03. 반도체 · 디스플레이 및 LED 제조장비용 부품,E0301.반도체및디스플레이 제조장비용 부품(세라믹재에한함),써셉터(suscepter) · 히터 · 정전척 · 가스노즐 · 샤프트/튜브/돔/암 · 반도체세정용구 · 반응용기 · 웨이퍼(wafer)용 보트 · 튜브 · 식각용 부품 · 확산공정용 부품 · 반도체용 쿼츠(quartz)부품류 · 히터플레이트,첨단,부품
E. 기계 및 기타산업용 부품,E03. 반도체 · 디스플레이 및 LED 제조장비용 부품,E0302. LED 제조장비용 부품,써셉터(suscepter) · 트레이 · 기타부품,첨단,부품
E. 기계 및 기타산업용 부품,E03. 반도체 · 디스플레이 및 LED 제조장비용 부품,E0303. 기타,더미웨이퍼(dummy wafer) · 에지링(edge ring) · 마스크(mask) · 기타부품,첨단,부품
E. 기계 및 기타산업용 부품,E04. 공구 및 연마재,E0401. 절삭·굴삭공구,공작기계용 공구(세라믹 · 초경 · 다이아몬드 · 서멧 · CBN) · 굴삭용 공구(세라믹 · 초경),첨단,부품
E. 기계 및 기타산업용 부품,E04. 공구 및 연마재,E0401. 절삭·굴삭공구,세라믹 커터 · 절단톱,첨단,제품
E. 기계 및 기타산업용 부품,E04. 공구 및 연마재,E0402. 연마휠,연마휠,첨단,1차
E. 기계 및 기타산업용 부품,E04. 공구 및 연마재,E0403. 지석,휠지석 · 전착지석,전통,1차
E. 기계 및 기타산업용 부품,E04. 공구 및 연마재,E0404. 지립,페이스트 · CMP(CeO₂ · FeO₂ · Al₂O₃ · SiO₂ ·),첨단,1차
E. 기계 및 기타산업용 부품,E04. 공구 및 연마재,E0405. 기타 연마재,연마지 및 포 · (다이아몬드)와이어 · CBN 분말,첨단,1차
E. 기계 및 기타산업용 부품,E04. 공구 및 연마재,E0406. 기타공구,,첨단,부품
E. 기계 및 기타산업용 부품,E05. 내마모부품(세라믹재에한함),E0501.정밀기계제어부품용,공압실린더 및 공압액츄에이터,첨단,부품
E. 기계 및 기타산업용 부품,E05. 내마모부품(세라믹재에한함),E0501.정밀기계제어부품용,유압기기부품(축메카니컬실 · 베인 ·인펠러 · 정반 · 플렌지 · 변좌(弁座) · 밸브류 · 베어링류 · 정밀축(스핀축 · 소형모터축 등) · 브래스트노즐 · 워터쇼트노즐 · 슬라이드웨이 · 정반 · 마모패드 · 배관라이너 · 정밀 베어링 · 베어링용 세라믹볼(알루미나볼 · 지르코니아볼) · 기어 · 기어링 · 기타,첨단,부품
E. 기계 및 기타산업용 부품,E05. 내마모부품(세라믹재에한함),E0502.세라믹볼및라이닝재,분쇄매체(볼 · 비즈 등) · 라이너,첨단,부품
E. 기계 및 기타산업용 부품,E05. 내마모부품(세라믹재에한함),E0503. 섬유기기용 부품,사도 · 노즐 · 피스톤 실린더 · 커터 등,첨단,부품
E. 기계 및 기타산업용 부품,E05. 내마모부품(세라믹재에한함),E0504. 기타 내마모 부품,라이너 · 막자 · 막자사발 · 파쇄롤 · 마모성(분체 · 슬러리) 처리장치라이너 · 슈트라이너 · 성형가공형(압출 · 추출 · 선형프레스 · 판성형 등) 압연롤. 분체성형(프레스 · 압출 · 사출 · 스탬프 · 롤러 등)라이너 · 압출용 다이(Die) · 수도꼭지용 seal(수전용seal),첨단,부품
E. 기계 및 기타산업용 부품,E06. 친환경 세라믹 부품,E0601. 필터 ,화학공업용 필터 · 반도체가스용 필터 · 하수처리용 필터 · 정수용 필터 · 수처리용 필터 · 탈질촉매용 필터 · 자동차배기용 세라믹필터 · 선박용필터 · 소각로용 필터 · IGCC용 필터 · 기체처리용 필터 등 ,첨단,부품
E. 기계 및 기타산업용 부품,E06. 친환경 세라믹 부품,E0602. 촉매담체,광촉매 · 촉매부착 히터 · 촉매연소체 · 바이오프로텍트 생산용 담체 · 바이오리액터용 담체 · 방사선동위원소용 담체 · 산소고정용 담체 · 담지체 · 기타용 촉매 및 촉매담체,첨단,부품
E. 기계 및 기타산업용 부품,E06. 친환경 세라믹 부품,E0602. 촉매담체,자동차용 촉매담체(배기관용),첨단,부품
E. 기계 및 기타산업용 부품,E06. 친환경 세라믹 부품,E0603. 기타,흡착제(실리카겔 등) ·산업용탈취제,첨단,부품
E. 기계 및 기타산업용 부품,E07. 열적 세라믹 부품,E0701. 내열세라믹 부품,내화갑 · 내화판 · 로제 · 세라믹 롤러 · sagger(H-sagger · Box-sagger 등) · 산업용 열판 세라믹,첨단,부품
E. 기계 및 기타산업용 부품,E07. 열적 세라믹 부품,E0702. 발열용 부품,마루난방히터 · 프레임레스 히터용을 포함 · 반도체공정용 히터 · 점화히터 · 고데기용 히터 · 솔더용 히터 · 전기인두용 히터 · 전기로용 발열체(SiC · 몰리다이실리사이드) · 세라믹 후막 히터 · 커피머신용 히터,첨단,부품
E. 기계 및 기타산업용 부품,E07. 열적 세라믹 부품,E0703. 금속제조용 부품,제철제강 및 비철금속제조용 세라믹부품(롤러 · 다이(신선용 · 압출용 등) · 용강용 세라믹) ,첨단,부품
E. 기계 및 기타산업용 부품,E08. 방탄 세라믹 부품,E0801. 방탄용 부품,개인방탄복용 세라믹플레이트 · 병력이송차량용 방탄판 · 전차용 방탄판 · 항공기용 방탄판 ,첨단,부품
E. 기계 및 기타산업용 부품,E08. 방탄 세라믹 부품,E0802. 기타,,첨단,부품
